<?xml version="1.0" encoding="UTF-8"?>
<metadata xml:lang="en"><Esri><CreaDate>20200224</CreaDate><CreaTime>13591500</CreaTime><ArcGISFormat>1.0</ArcGISFormat><SyncOnce>TRUE</SyncOnce><DataProperties><lineage><Process ToolSource="c:\program files (x86)\arcgis\desktop10.6\ArcToolbox\Toolboxes\Spatial Analyst Tools.tbx\ExtractMultiValuesToPoints" Date="20191101" Time="164513">ExtractMultiValuesToPoints 1_test "Tr20tr9_BSS.tif Tr20tr9_BS" NONE</Process></lineage></DataProperties></Esri></metadata>
